question,answer
What is Habit 1?,Be proactive means taking responsibility for your actions and focusing on what you can control.
What is Habit 2?,Begin with the end in mind means setting clear goals and having a vision for your future.
What is Habit 3?,Put first things first means prioritizing important tasks over urgent but less important ones.
What is Habit 4?,Think win-win means seeking solutions that benefit everyone involved.
What is Habit 5?,Seek first to understand then to be understood means listening before speaking.
What is Habit 6?,Synergize means working together effectively as a team.
What is Habit 7?,Sharpen the saw means continuous self-improvement in all areas of life.
What is proactive behavior?,It means acting based on values rather than reacting to situations.
What is reactive behavior?,It means responding emotionally based on circumstances.
Why is goal setting important?,It helps provide direction and purpose in life.
What is time management?,It is the ability to prioritize and organize tasks effectively.
What is win-win thinking?,It focuses on mutual benefit in all interactions.
Why is listening important?,It helps build trust and understanding.
What is teamwork?,It is collaboration to achieve a common goal.
What is self renewal?,It means improving yourself physically mentally socially and spiritually.
How to improve productivity?,Focus on important tasks and avoid distractions.
What is leadership?,It is the ability to influence and guide others.
What is personal growth?,It is continuous improvement in skills and mindset.
What is vision?,It is a clear picture of your desired future.
What is discipline?,It is the ability to stay consistent and focused on goals.
